{"train/loss_dice": 0.7445678649804531, "train/loss_bce": 0.03736575870798566, "_timestamp": 1723731692.8722005, "_runtime": 5324.25750541687, "_step": 119, "val/NC Brain": 0.5362916282163217, "val/ED Brain": 0.05469486266688014, "val/ET Brain": 0.27265244486177553, "val/examples": {"_type": "images/separated", "width": 104, "height": 160, "format": "png", "count": 3, "filenames": ["media/images/val/examples_110_4d143a5f8e3b73b56017.png", "media/images/val/examples_110_7fc33313719c5d70c6ce.png", "media/images/val/examples_110_e9888d7456b583dfaaf0.png"], "captions": ["image", "label", "pred"]}, "_wandb": {"runtime": 5323}}