{"train/loss_dice": 0.5168301553665837, "train/loss_bce": 0.031948099755741, "_timestamp": 1723726193.7273881, "_runtime": 10216.354678153992, "_step": 119, "val/NC Brain": 0.5862171786801913, "val/ED Brain": 0.0, "val/ET Brain": 0.2713609210516126, "val/examples": {"_type": "images/separated", "width": 104, "height": 160, "format": "png", "count": 3, "filenames": ["media/images/val/examples_110_0485088aaa82ab56e7a1.png", "media/images/val/examples_110_4ff55ad20582e3d3e028.png", "media/images/val/examples_110_4aea47d87639ce3cf312.png"], "captions": ["image", "label", "pred"]}, "_wandb": {"runtime": 10215}}