{"train/loss_dice": 0.7411737313753441, "train/loss_bce": 0.031184320002086933, "_timestamp": 1730185950.6826217, "_runtime": 2170.663544654846, "_step": 134, "val/NC Brain": 0.7303857207298279, "val/ED Brain": 0.0, "val/ET Brain": 0.445598304271698, "val/examples": {"_type": "images/separated", "width": 104, "height": 160, "format": "png", "count": 3, "filenames": ["media/images/val/examples_134_3e889a5c35b64ab9471e.png", "media/images/val/examples_134_648ee542535f21479f0a.png", "media/images/val/examples_134_f07bd55d5305971119de.png"], "captions": ["image", "label", "pred"]}}