{"train/loss_dice": 0.9960858225822449, "train/loss_bce": 0.6842522025108337, "_timestamp": 1724316848.2880418, "_runtime": 67.46075582504272, "_step": 21, "val/NC Brain": 0.004867670591920614, "val/ED Brain": 3.0276239613158396e-06, "val/ET Brain": 0.0011986744357272983, "val/examples": {"_type": "images/separated", "width": 104, "height": 160, "format": "png", "count": 3, "filenames": ["media/images/val/examples_20_3e889a5c35b64ab9471e.png", "media/images/val/examples_20_648ee542535f21479f0a.png", "media/images/val/examples_20_389f5da680cb65d069ae.png"], "captions": ["image", "label", "pred"]}}