{"train/loss_dice": 0.8340630439611582, "train/loss_bce": 0.04074490380783876, "_timestamp": 1723714515.262859, "_runtime": 866.4404690265656, "_step": 45, "val/NC Brain": 0.5045353174209595, "val/ED Brain": 0.0, "val/ET Brain": 0.20558348298072815, "val/examples": {"_type": "images/separated", "width": 104, "height": 160, "format": "png", "count": 3, "filenames": ["media/images/val/examples_44_3e889a5c35b64ab9471e.png", "media/images/val/examples_44_648ee542535f21479f0a.png", "media/images/val/examples_44_b81a888fdc55788be7e6.png"], "captions": ["image", "label", "pred"]}}