{"train/loss_dice": 0.8868269731726828, "train/loss_bce": 0.040752655885453466, "_timestamp": 1724632395.5456097, "_runtime": 593.3258237838745, "_step": 17, "val/NC Brain": 0.36464476585388184, "val/ED Brain": 0.0, "val/ET Brain": 0.11264196783304214, "val/examples": {"_type": "images/separated", "width": 104, "height": 160, "format": "png", "count": 3, "filenames": ["media/images/val/examples_17_3e889a5c35b64ab9471e.png", "media/images/val/examples_17_648ee542535f21479f0a.png", "media/images/val/examples_17_5bf99e8ed0b830cd573b.png"], "captions": ["image", "label", "pred"]}}