{"train/loss_dice": 0.6046031430363655, "train/loss_bce": 0.04199460371164605, "_timestamp": 1730250110.1572638, "_runtime": 4057.66112780571, "_step": 105, "val/NC Brain": 0.0, "val/ED Brain": 0.0, "val/ET Brain": 0.0, "val/examples": {"_type": "images/separated", "width": 104, "height": 160, "format": "png", "count": 3, "filenames": ["media/images/val/examples_98_3e889a5c35b64ab9471e.png", "media/images/val/examples_98_648ee542535f21479f0a.png", "media/images/val/examples_98_a3f8b1b1a06f7037f537.png"], "captions": ["image", "label", "pred"]}}