{"train/loss_dice": 0.696414760180882, "train/loss_bce": 0.0439974633710725, "_timestamp": 1723733335.9122667, "_runtime": 1522.8878526687622, "_step": 119, "val/NC Brain": 0.4544739457113402, "val/ED Brain": 0.10017384162970952, "val/ET Brain": 0.3805228817675795, "val/examples": {"_type": "images/separated", "width": 104, "height": 160, "format": "png", "count": 3, "filenames": ["media/images/val/examples_110_b538dca08ed081712638.png", "media/images/val/examples_110_6ac97b384a05c709e356.png", "media/images/val/examples_110_3d22c9090b7caef9b35a.png"], "captions": ["image", "label", "pred"]}, "_wandb": {"runtime": 1522}}