{"train/loss_dice": 0.27931616697460415, "train/loss_bce": 0.013259339786600322, "_timestamp": 1730231170.644665, "_runtime": 44662.3634519577, "_step": 1202, "val/NC Brain": 0.8880468606948853, "val/ED Brain": 0.0, "val/ET Brain": 0.8079602122306824, "val/examples": {"_type": "images/separated", "width": 104, "height": 160, "format": "png", "count": 3, "filenames": ["media/images/val/examples_1202_3e889a5c35b64ab9471e.png", "media/images/val/examples_1202_648ee542535f21479f0a.png", "media/images/val/examples_1202_9eec036ee812d4b5c6cf.png"], "captions": ["image", "label", "pred"]}, "_wandb": {"runtime": 44662}}