{"train/loss_dice": 0.9897112205058713, "train/loss_bce": 0.617314823066132, "_timestamp": 1724631658.191193, "_runtime": 116.66984701156616, "_step": 0}