{"train/loss_dice": 0.9960848689079285, "train/loss_bce": 0.6681861877441406, "_timestamp": 1724316911.9864018, "_runtime": 44.45105576515198, "_step": 0}