{"train/loss_dice": 0.9889415019675146, "train/loss_bce": 0.6118223176726812, "_timestamp": 1724631374.4300764, "_runtime": 118.09227538108826, "_step": 0}