{"train/loss_dice": 0.9350631237030029, "train/loss_bce": 0.023091157898306847, "_timestamp": 1723734133.7860253, "_runtime": 692.2301023006439, "_step": 119, "val/NC Brain": 0.8029876351356506, "val/ED Brain": 0.0, "val/ET Brain": 0.4403207302093506, "val/examples": {"_type": "images/separated", "width": 104, "height": 160, "format": "png", "count": 3, "filenames": ["media/images/val/examples_110_3e889a5c35b64ab9471e.png", "media/images/val/examples_110_648ee542535f21479f0a.png", "media/images/val/examples_110_98330d4c54764d030f40.png"], "captions": ["image", "label", "pred"]}, "_wandb": {"runtime": 691}}